"","s1"
"(Intercept)",0.0226829846055429
"GLPVHFDESFITPR",0
"MPFPKYPVEPF",0
"FVAPFPEVFGKEKVNELSKD",0
"LPLSILK",0
"FNILRF",0
"HQPHQPLPPTVMFPPQSVLSL",0
"APFPEVFG",0
"KYKVPQ",0
"RPKHPIKHQGLPQEV",0
"LYQGPIVLNPWDQVKRN",0
"TWLKPDPS",0
"PPPLLSH",0
"YVPLGTQ",0
"SIISQETYK",0
"HPHPHL",0
"KEPMIGVNQ",0
"LPQNIPPLT",0
"LTDVENLHLPLP",0
"LTLTDVE",0
"IPNPIGSENSEKTTMP",0
"KPWIQPKT",0
"GLPQEVLNE",0
"RYLGYLEQL",0
"VENLHLPLPL",0
"AQTQSLVYPFPGPIPN",0
"YLEQLLR",0
"SLSQSKVLPVPQKAVPYPQ",0
"IPVDLKL",0
"PVLGPVRGPFPI",0
"RPKHPIKHQGLP",0
"IQPKTKVIP",0
"WMHQPHQPLPPTVMFPPQSVLS",0
"MPFPKYPVEPF1_Oxidation_[M1]",0
"AVPITPT",0
"QTPVVVPPF",0
"SRYPSYGLN",0
"RPKHPIKH",0
"TDVENLHLP",0
"IPPLTQTPVVVPPFLQPEVMGVS",0
"NAVPITPT",0
"PSERYL",0
"AVPITPTLNREQL",0
"MPFPKYPV",0
"PFPGPIPNSLPQ",0
"VYPFPGPIPNSLPQN",0
"KIHPFAQTQSLVYPFPGPIPN",0
"KDIGSESTEDQ2_Phospho_[S5;_S7]",0
"KAVPYPQRDMP",0
"RPKHPIK",0
"LPQEVLN",0
"LVYPFPGPIPNSLPQNIPPLT",0
"NIPPLTQTPVVVPPFLQPEVM",0
"SQSKVLPVPQKAVPYPQ",0
"VLNPWDQVKRN",0
"MHQPHQPLPPTVMFPPQSVL",0
"VPPFLQP",0
"LPLPLLQSWMHQPHQPLPPT",0
"YQEPVLGP",0
"QTPVVVPPFLQPEVM1_Oxidation_[M15]",0
"LVYPFPGPIPNSLPQN",0
"ELSKDIGSESTED2_Phospho_[S8;_S10]",0
"GPIVLNPWDQVKR",0
"GPIVLNPWDQV",0
"GPVRGPFPI",0
"SWMHQPHQPLPPT",0
"QLDAYPSGAW",0
"HKEMPFPKYPVEPFTESQS",0
"PFPGPIPN",0
"QNIPPLTQTPVVVPPFLQPE",0
"VAPFPEVFGKEKVNEL",0
"QAMEDIKQM",0
"FPGPIP",0
"FLQPEVM",0
"LVYPFPGPIPNSLPQ",0
"FPKYPVEPFTESQ",0
"IEKFQSEE1_Phospho_[S6]",0
"LEQLLR",0
"GPIVLNPWDQ",0
"SKDIGSESTEDQ2_Phospho_[S6;_S8]",0
"LHLPLPLLQS",0
"VAPFPEVFG",0
"KISQRY",0
"EIVPNSAEERL1_Phospho_[S6]",0
"FVAPFPEVFGKEKVNELSKDIG",0
"DVENLHLPLPLL",0
"QEPVLGPVRGPF",0
"QGLPQEV",0
"LYQGPIV",0
"EDVPSERYLGYLE",0
"VYPFPGPIPNS",0
"VLNENLLR",0
"SQSLTLTDVENLH",0
"EMPFPKYPVEP1_Oxidation_[M2]",0
"LPQEVLNENLL",0
"SQSLTLTDVENLHLPLPL",0
"FQSEEQQQTE1_Phospho_[S3]",0
"LVYPFPGPIPNSLPQNIPPLTQTP",0
"IPPLTQ",0
"IEKFQSE1_Phospho_[S6]",0
"SLPQNIPPLTQTPVVVPPFLQPE",0
"VKITVDDKHYQK",0
"MPFPKY",0
"SEEQQQTEDELQDKIHPFA1_Phospho_[S1]",0
"SAEERLHSM1_Phospho_[S1]",0
"NPKLPL",0
"QGPIVLNPWDQVKRNA",0
"KEDVPSERYLGYLE",0
"ERYLGYLEQL",0
"ERYLGYLE",0
"ERYLGYLEQLLR",0
"QQQTEDELQDKIHPF",0
"LEIVPNSAEERL1_Phospho_[S7]",0
"YQGPIVLNPWDQVKRNAVPITPTLN",0
"LTLTDVENLHLPLP",0
"MKPWIQPKTK1_Oxidation_[M1]",0
"LPVPQKAVPYPQ",0
"FPGPIPN",0
"VLGPVRGPF",0
"LVYPFPGPIP",0
"MPFPKYPVEPFTE",0
"NIPPLTQTPVVVPP",0
"PWIQPK",0
"VVVPPFLQPEVMGVS",0
"EEQQQTEDELQDKIHPFA",0
"TWLKPDPSQK",0
"SQNPKLPLSILK",0
"TPVVVPPFLQPE",0
"KIEKFQSEEQ1_Phospho_[S7]",0
"VLGPVRGPFPI",0
"EMPFPKYP",0
"VVVPPFLQPEV",0
"ISQRYQKF",0
"PNPIGSE",0
"SKVLPVPQKAVPYPQ",0
"EIVPNSAEERLHSMKEGIH1_Phospho_[S]",0
"AVPYPQRDMP1_Oxidation_[M9]",0
"VMGVSKVKEA",0
"YPPAYPFP",0
"VPQLEIVPNSAEERL1_Phospho_[S10]",0
"MPIQAF",0
"KIEKFQSEEQQQTEDELQDKIHPFA1_Phospho_[S7]",0
"PKTKVIPY",0
"IVLNPWDQVKR",0
"VVRNANEEE",0
"EIVPNSAEERLHSM1_Phospho_[S6]",0
"NVPGEIVESL1_Phospho_[S9]",0
"SVEQKHIQKEDVPSERYLGYLEQL1_Phospho_[S1]",0
"VFGKEKVN",0
"ITVDDKHYQ",0
"VPITPTL",0
"NLHLPLPLLQS",0
"IPPLTQTPVVVPPFLQPEVMGVS1_Oxidation_[M20]",0
"AQTQSLVYPFPGPIPNSLPQN",0
"KEDVPSERYLGYLEQ",0
"IQKEDVPSERY",0
"HPIKHQGLPQ",0
"TLTDVENLHLPL",0
"KVKEAMAPKHKEMPFPKYPVEPF",0
"DKIHPFAQTQSLVYPFPGPIPN",0
"LPQYLKT",0
"YPVEPFTESQS",0
"ENLLRF",0
"LPQNIPPLTQTPVVVPPF",0
"KPWIQPKTKVIPY",0
"TESQSLTLTDVENLH",0
"NFLKKIS",0
"PPFLQP",0
"IPNPIGSENSEK",0
"RDMPIQAF1_Oxidation_[M3]",0
"VLNENLLRF",0
"LVYPFPGPIPNS",0
"FLKKISQRY",0
"MESTEVFTK1_Phospho_[S3]",0
"KTKLTEEEKNRLN",0
"VLSLSQSKVLPVPQ",0
"KFQSEEQQQTED1_Phospho_[S4]",0
"IPNPIG",0
"VLPVPQK",0
"NENLIREI",0
"QTPVVVPPFLQP",0
"NPWDQVKR",0
"EMPFPKYP1_Oxidation_[M2]",0
"SLVYPFPGPIPNSLP",0
"IEKFQSEEQQQTEDELQDKIHPF1_Phospho_[S6]",0
"TLTDVENLHLPLP",0
"IEKFQSEEQQQTEDELQDKIHP1_Phospho_[S6]",0
"KVLPVPQKAVPYPQ",0
"YQEPVLGPVRGP",0
"PPAYPFP",0
"QGPIVLNPWDQVKR",0
"DVPSERYLGYLE",0
"AVATWLKPDPSQKQT",0
"PSERYLGY",0
"FVAPFPEVFGKE",0
"LDAYPSGAW",0
"HQPHQPLPPTVMFPPQSVL",0
"LNREQLSTSEEN2_Phospho_[S9;_S/T]",0
"QSLVYPFPGPIPNSLPQN",0
"DKIAKYIPI",0
"EMPFPKY",0
"RNAVPITPTL",0
"QEPVLGPVRGPFPIIV",0
"IVPNSAEERL1_Phospho_[S5]",0
"EELNVPGEIVE",0
"QQQTEDELQDKIHPFAQT",0
"APKHKEMPFPKYP1_Oxidation_[M7]",0
"EQQQTEDELQD",0
"LTQTPVVVPP",0
"RPKHPIKHQGLPQEVLNEN",0
"TESQSLTLTDVEN",0
"FSDIPNPIGSE",0
"FVAPFPEVFGKEKVNE",0
"FPKYPVEPFTESQS",0
"VPSERYLGYLEQ",0
"NIPPLTQTPVVVPPFLQPEV",0
"FLKKISQR",0
"APKHKEMPFPKYPVEPF1_Oxidation_[M7]",0
"LNPWDQ",0
"LYQEPVLGPVRGP",0
"SQNPKLPL",0
"AVPYPQRDMPIQAF",0
"REQLSTSEE2_Phospho_[S7;_T/S]",0
"DAYPSGAW",0
"IGVNQEL",0
"LPLPLL",0
"PFPEVFGKEK",0
"LNKPEDETHLE",0
"RELEELNVPGE",0
"SWMHQPHQPLPPTVMFPPQS",0
"VPITPTLNR",0
"FSDIPNPIGSENSEKTTMPL",0
"SVLSLSQSK",0
"DKIHPFAQTQ",0
"YPFPGPIPNSLPQ",0
"NIPPLTQ",0
"GPIVLNPWDQVK",0
"RHPHPH",0
"AMEDIKQM",0
"HKEMPFPKYPVEPF",0
"RINKKIE",0
"TQTPVVVPP",0
"LQPEVMGVSKVKEA",0
"TQSLVYPFPGPIPN",0
"SLSQSKVLPVPQKAVPYPQRDMPIQAF1_Oxidation_[M22]",0
"AMKPWIQPKTK",0
"NYYQQKPVAL",0
"KKIEKFQSEEQQQTED1_Phospho_[S8]",0
"LGPVRGPFPI",0
"KHPIKHQ",0
"SLSQSKVLPVPQKAVPYPQRDMPIQAF",0
"NVPGEIVE",0
"DVPSERYL",0
"SWMHQPHQPLPPTV",0
"YQGPIVLNPWDQVKRNAVPITPT",0
"VSKVKEAMAPKHKEMPFPKYPVEPF",0
"AMKPWIQPKT1_Oxidation_[M2]",0
"LVYPFPGPIPNSLPQNIPPLTQTPVVVPPFLQPEVMG",0
"IPPLTQTPVVVPPFLQPEV",0
"QEPVLGPVRGPFP",0
"MAPKHKEMPFPKYPVEPFTE",0
"PVVVPPFL",0
"FGKEKVNEL",0
"KIAKYIPI",0
"QTPVVVPPFLQPEVMGVSKVKEAM",0
"NIPPLTQTPVVVPPFLQPE",0
"VIESPPEIN",0
"RELEELN",0
"FPKYPVEPFTE",0
"WLKPDPSQ",0
"YQGPIVLNPWDQVKR",0
"VPNSAEERLH1_Phospho_[S4]",0
"VPSERYLG",0
"AMKPWIQPKT",0
"IEKFQSEEQQQTEDELQDKIHPFAQTQS1_Phospho_[S6]",0
"VVVPPFLQ",0
"EVLNENLLR",0
"SWMHQPHQPLPPT1_Oxidation_[M3]",0
"EIVPNSAE1_Phospho_[S6]",0
"ITRINKKIEKF",0
"ARHPHPHL",0
"LTLTDVENLH",0
"YPELFRQ",0
"TQTPVVVPPFLQP",0
"RQFYQL",0
"SRYPSYGL",0
"ERYLGYLEQ",0
"VLPVPQKA",0
"NREQLSTSEE2_Phospho_[S8;_S/T]",0
"DIPNPIGSEN",0
"SDKIAKYIPI",0
"AMKPWIQPKTK1_Oxidation_[M2]",0
"EMPFPKYPVEPFTE1_Oxidation_[M2]",0
"QKEPMIGVN1_Oxidation_[M5]",0
"LPVPQKAVP",0
"HLPLPLL",0
"QGPIVLNPWDQVKRN",0
"YPFPGPI",0
"VLNPWDQVK",0
"IVLNPWDQ",0
"DLISKEQIVIR1_Phospho_[S4]",0
"LSQSKVLPVPQKAVPYPQRDMPIQA",0
"YPSYGLN",0
"QKHIQKE",0
"TDVENLHLPLPLLQS",0
"FQSEEQQQTEDELQDKIHPFA1_Phospho_[S3]",0
"HQGLPQEVLN",0
"SKDIGSESTEDQAM2_Phospho_[S6;_S8]",0
"GKEKVNEL",0
"TKVIPYVRYL",0
"LVYPFPGPIPNSLPQNIPPLTQTPVVVPPF",0
"FSDIPNPIGSENSEKTT",0
"SLSQSKVLPVPQKAVPYPQRDMPIQAFL",0
"NSLPQNIPPLT",0
"SAEERLH1_Phospho_[S1]",0
"EDIKQME1_Oxidation_[M6]",0
"VMFPPQS",0
"IISQETYK1_Phospho_[S3]",0
"MHQPHQPLPPTVMFPPQS",0
"LTDVENLHLPLPLLQSWMHQPHQPLPPTV",0
"IGSESTE",0
"IPPLTQTPVVVPPFLQPEVMG",0
"RDMPIQAFLL",0
"VLNPWDQ",0
"EMPFPKYPVE",0
"SDIPNPIGSENSE",0
"QPLPPTVMFPPQS",0
"TPVVVPPF",0
"VPYPQRDMP1_Oxidation_[M8]",0
"SDIPNPIGSENSEK",0
"LVYPFPGPIPNSLPQNIPPLTQTPVVVPPFLQPEVM1_Oxidation_[M36]",0
"WMHQPHQPLPPT1_Oxidation_[M2]",0
"SLVYPFPGPIPNSLPQNIPPLTQTPVVVPPFLQPEVM1_Oxidation_[M37]",0
"DKIAKYIP",0
"IEKFQSEEQQQTEDELQDKIHPFA1_Phospho_[S6]",0
"LTQTPVVVPPF",0
"NYYQQKPVA",0
"EMPFPKYPVEP",0
"SIISQETYK1_Phospho_[S4]",0
"PVLGPVRGPFP",0
"QKAMKPWIQPK",0
"FSDIPNPIGSENS",0
"AMKPWIQPK1_Oxidation_[M2]",0
"LGPVRGPFP",0
"ELQDKIHPFA",0
"VLGPVRGPFPII",0
"LHLPLPLLQSWMHQPH",0
"KTVDMESTE1_Phospho_[S/T]",0
"KIEKFQSEEQQQTEDELQDKIHPFAQT1_Phospho_[S7]",0
"GPIVLNPW",0
"DVENLHLPLPLLQS",0
"IQPKTKVIPY",0
"YYVPLGTQ",0
"SKDIGSESTEDQAMEDIKQM2_Phospho_[S/T]",0
"LQDKIHPF",0
"GLPQEVLNENL",0
"VLNPWDQV",0
"FVAPFPEVFGKEKVNELS",0
"KFALPQY",0
"TIASGEPTSTPT",0
"ELQDKIHPFAQTQS",0
"NSLPQNIPPLTQTPVVVPPFLQPE",0
"YQGPIVLNPWDQVKRNA",0
"FALPQYLK",0
"EQLSTSEENSK2_Phospho_[S4;_S6]",0
"VPITPTLNREQL",0
"KYPVEPF",0
"YQKFPQY",0
"LTLTDVENLHLPLPL",0
"VAPFPE",0
"HKEMPFPKYPVEPFTE",0
"VMFPPQSVLS",0
"IPPLTQTPVVVPPFLQP",0
"VEELKPTPEGDLEIL",0
"KKYKVPQL",0
"APSFSDIPNPIGSE",0
"FPKYPV",0
"LQPEVMGVSKVKEAM",0
"LPQEVLNEN",0
"SLPQNIPPLTQTPVVVPPFLQPEVMGVSK",0
"QSLVYPFPGPIPNS",0
"QQTEDELQDKIHPFA",0
"IPNPIGSE",0
"MHQPHQPLPP",0
"EKFQSEEQQQTEDELQDKIHPFA1_Phospho_[S/T]",0
"EDELQDKIHPF",0
"MHQPHQPLPPT1_Oxidation_[M1]",0
"EMPFPKYPVEPFTESQSLT",0
"KDIGSESTEDQAM2_Phospho_[S5;_S7]",0
"VPYPQRDMPIQA",0
"IVLNPWDQVK",0
"PEVFGK",0
"EEQQQTEDELQDKIHP",0
"GSENSEKTTMPL",0
"QSLVYPFPGPIPN",0
"MKPWIQPKTK",0
"SERYLGY",0
"ELKPTPEGDLEILL",0
"MKPWIQPK1_Oxidation_[M1]",0
"MPFPKYPVEP",0
"KEMPFPKYPVEP",0
"LGYLEQLLRLKKYKVPQLE",0
"KAMKPWIQPK",0
"LRLKKYK",0
"EMPFPKYPVEPFTES",0
"QTPVVVPPFLQPEV",0
"IPNPIGS",0
"SLSQSKVLPVPQ",0
"FVAPFPEVFGK",0
"SLPQNIPPLTQTPVVVPPFLQPEVMG",0
"MESTEVFTK1_Phospho_[T/S]",0
"QTPVVVPPFLQPEVMGVSKVKEA",0
"EMPFPKYPVEPFTESQ",0
"ENLLRFF",0
"EDVPSERYLG",0
"YPFPGPIPNS1_Phospho_[S10]",0
"KIEKFQSEEQQQTEDELQDKIHP1_Phospho_[S7]",0
"SDIPNPIG",0
"KPWIQPKTKV",0
"QTPVVVPPFL",0
"EAMAPKHKEMPFPKYPVEPF",0
"QSWMHQPHQPLPPTVMFPPQS",0
"FPEVFGKEK",0
"KVLPVPQK",0
"YQKFPQYLQ",0
"LYQGPIVLNPWDQVKR",0
"VPQLEIVPNSAEERLH1_Phospho_[S10]",0
"APKHKEMPFPKYPVEPFTE1_Oxidation_[M7]",0
"LTDVENLHLPL",0
"ARHPHPHLS",0
"TQTPVVVPPFLQPEVM",0
"DKIHPFAQTQS",0
"ALPQYLKT",0
"KPWLQP",0
"HKEMPFPKYPVEP",0
"EPMIGVNQEL",0
"QQQTEDELQDKIHPFA",0
"INKKIEKFQSEEQQQTEDELQD1_Phospho_[S10]",0
"EKFQSEEQQQTEDELQD1_Phospho_[S5]",0
"GYLEQL",0
"SLPQNIPPLTQTPVVVPPFLQPEVM1_Oxidation_[M25]",0
"FVAPFPEVFGKEKVN",0
"IRISHEL1_Phospho_[S4]",0
"MPFPKYPVE",0
"WMHQPHQPLPPTVMFPPQS",0
"SDKIAKYIP",0
"GKEKVNELSKDIGSESTEDQAME3_Phospho_[S9;_S14;_S16]",0
"SLPQNIPPLT",0
"NIPPLTQTPVVVPPFL",0
"FPEVFGK",0
"SLVYPFPGPIPN",0
"LYQEPVLGPVR",0
"QTPVVVPPFLQPEVMGVSKVK",0
"SVLSLSQSKVLPVPQ",0
"LTQTPVVVPPFLQPEV",0
"SQSKVLPVPQKAVPYPQRDMPIQAFL",0
"VPLGTQYTDAPS",0
"AINPSKENL1_Phospho_[S5]",0
"QNIPPLTQTP",0
"FPGPIPNS",0
"DIPNPIGSENSE",0
"NSLPQNIPPLTQTP",0
"PFPEVFGK",0
"KDIGSESTEDQA1_Phospho_[S/T]",0
"IVLNPWDQVKRNAVP",0
"YQEPVLGPVRGPF",0
"EPVLGPVRGPFPI",0
"VYPFPGPIPNSLP",0
"QGPIVLNPWDQVK",0
"EELNVPGE",0
"YPFPGPIPN",0
"QEPVLGPVR",0
"QKFPQYLQ",0
"MPFPKYPVEPFTES",0
"PWDQVKR",0
"KKISQRY",0
"EMPFPKYPVEPF",0
"HQPHQPLPPTVMFPPQ",0
"QEPVLGPVRGPFPI",0
"QTQSLVYPFPGPIPNSLPQ",0
"PSERYLG",0
"SWMHQPHQPLPPTVMFPPQSVLS",0
"QPHQPLPPTVM",0
"LGPVRGPFPIIV",0
"RNAVPITPTLN",0
"AVRSPAQILQ",0
"LPQYLK",0
"IVLNPWDQVKRNAVPITPT",0
"QSLTLTDVENLH",0
"LYQEPVLGPVRGPFP",0
"KFQSEEQQQTEDELQDKIHP1_Phospho_[S/T]",0
"QTQSLVYPFPGPIPN",0
"DVENLHLPL",0
"KIEKFQSEE1_Phospho_[S7]",0
"HKEMPFPKYP",0
"SVLSLSQS",0
"HKEMPFPKYPVEP1_Oxidation_[M4]",0
"KEKVNELSKDIGSESTEDQAME2_Phospho_[S13;_S15]",0
"LNREQLSTSEE2_Phospho_[S9;_T/S]",0
"PGPIPN",0
"MHQPHQPLPPTVMFPPQSVLS",0
"GPVRGPFPII",0
"DVENLHLPLPL",0
"GKEKVNELSKDIGSESTEDQAME2_Phospho_[S14;_S16]",0
"YYQQKPVAL",0
"SVEQKHIQKE1_Phospho_[S1]",0
"VFGKEKVNELSK",0
"APKHKEMPFPKYPVEPF",0
"EMPFPKYPVEPFT",0
"SDISLLDAQS",0
"FVAPFPEVFGKEK",0
"LTLTDVENLHLP",0
"SQSKVLPVPQK",0
"EMPFPKYPVEPFT1_Oxidation_[M2]",0
"MKPWIQPKT1_Oxidation_[M1]",0
"MHQPHQPLPPT",0
"LYQGPIVLNPWDQVKRNAVPITPT",0
"VAPFPEVFGKE",0
"ILNKPEDETHL",0
"WLKPDPSQK",0
"VLPVPQKAVPYPQ",0
"IVPNSAEERLH1_Phospho_[S5]",0
"LPQEVLNENL",0
"WMHQPHQPLPPTVMFPPQSVL",0
"NQFLPYPY",0
"DELQDKIHPF",0
"NLHLPLPLLQ",0
"KVLPVPQ",0
"VPSERYL",0
"SWMHQPHQPLPPTVMFPPQSVL",0
"LSKDIGSE1_Phospho_[S2]",0
"SLTLTDVENLHLPLP",0
"KKYKVPQ",0
"IPNPIGSEN1_Phospho_[S7]",0
"GLPQEVLNEN",0
"NSLPQNIPPL",0
"TLTDVENLHLPLPLL",0
"GPVRGPFP",0
"RELEELNVPGEIVES",0
"YPVEPFT",0
"VYPFPGPIPNSLPQ",0
"DVPSERYLG",0
"VPSERYLGYLEQL",0
"INPSKENL1_Phospho_[S4]",0
"IPPLTQTPVVVPPFLQPE",0
"LTDVENLHLPLPLLQ",0
"FSDIPNPIGSENSEKTTMP",0
"RPKHPIKHQGLPQ",0
"VLGPVRGP",0
"VYPFPGPIPN",0
"LYQGPIVLNPWDQVK",0
"DELQDKIHP",0
"VPYPQRDMP",0
"KPWIQPKTK",0
"YQKFPQ",0
"AQQKEPMIG",0
"TLTDVENLH",0
"PHHPLH",0
"QQQTEDELQDKIHP",0
"KAMKPWIQP",0
"IPNPIGSENSE",0
"PVRGPFPIIV",0
"DVPSERY",0
"IPNPIGSEN",0
"TQTPVVVPPFL",0
"LLQSWMHQPHQPLPPTVMFPPQSVL",0
"LVYPFPGPIPNSLPQNIPPLTQTPVVVPPFLQPE",0
"LFRQFYQLD",0
"EPVLGPVR",0
"GPVRGPF",0
"VLSLSQSKVLPVPQKAVPYPQ",0
"LKPDPSQKQTF",0
"APFPEVF",0
"VMFPPQSVLSL",0
"YQEPVLGPVRGPFPIIV",0
"LPQNIPPLTQTPVVVPPFLQP",0
"LRLKKY",0
"FVAPFPE",0
"LYQEPVLGPVRGPFPIIV",0
"HQGLPQEVL",0
"GVSKVKEAMAPK",0
"TDAPSFSDIPNPIGSEN",0
"AVPITPTLNRE",0
"KAVPYPQRDMPIQA",0
"LVYPFPGPIPNSLPQNIPPLTQTPV",0
"KPWIQPK",0
"FQSEEQQQTEDELQDKIHPF1_Phospho_[S3]",0
"LTEEEKNRLNF",0
"IPPLTQTPVVVPPFLQPEVM1_Oxidation_[M20]",0
"NPWDQVKRN",0
"AQPTDASAQF",0
"HKEMPFPKYPVEPFTES",0
"EVLNENLLRF",0
"KIEKFQSEEQQQTEDELQDKIHPFAQTQS1_Phospho_[S7]",0
"YKVPQLEIVPN",0
"TKKTKLTEEEKNRLN",0
"YPVEPFTES",0
"TPVVVPPFLQP",0
"KAVPYPQ",0
"KYKVPQL",0
"PPKKNQDKTEIPTI",0
"QGLPQEVLN",0
"VFGKEKVNEL",0
"DMPIQA",0
"TPVVVPPFLQPEVM",0
"QSLVYPFPGPIPNSLPQ",0
"RELEELNVPGEIVE",0
"LVYPFPGPI",0
"QTPVVVPPFLQPEVMGVSKVK1_Oxidation_[M15]",0
"LPLPLLQS",0
"DVPSERYLGYLEQ",0
"TKLTEEEKNR",0
"HKEMPFPKYPVEPF1_Oxidation_[M4]",0
"SQSLTLTDVENLHLPLP",0
"QTQSLVYPFPGPIPNSLPQN",0
"VKITVDDKHY",0
"VYPFPGPIP",0
"VLNPWDQVKR",-0.215106681786323
"SLVYPFPGPIPNSLPQNIPPLT",0
"IQYVLSRYPS",0
"ELEELN",0
"VAPFPEVFGKEKVNELS",0
"QTPVVVPPFLQPE",0
"LEELNVPGE",0
"QTPVVVPPFLQ",0
"VAPFPEVFGKEKVN",0
"FLLYQEPVLGPVR",0
"FAQTQSLVYPFPGPIPN",0
"NIPPLTQTP",0
"YPVEPFTE",0
"EDVPSERYLGYLEQL",0
"LSKDIGSESTED2_Phospho_[S7;_S9]",0
"QNIPPLTQTPVVVPPFLQPEVM",0
"QDKIHPF",0
"HQPHQPLPPTVMFPPQS",0
"FGKEKVN",0
"SLPQNIPPLTQTPVVVPPFLQPEVMGVS",0
"FPPQSV",0
"QTPVVVPP",0
"HQPHQPLPPT",0
"KEPMIGVNQEL",0
"KKYKVPQLEIVPN",0
"LTQTPVVVPPFLQP",0
"VPITPTLNRE",0
"FSDIPNPIGSENSEK",0
"MAINPSKE1_Phospho_[S6]",0
"SLPQNIPPLTQTP",0
"MAPKHKEMPFPKYPVEPF",0
"VLPVPQKAVPYPQRDMP",0
"PVVVPPF",0
"LPQNIPPL",0
"IEKFQSEEQQ1_Phospho_[S6]",0
"RPKHPIKHQGLPQE",0
"TLTDVENLHLP",0
"KKYKVPQLE",0
"FVAPFPEVFG",0
"LLQSWMHQPHQPLPPTVMFPPQS",0
"EPVLGPVRGP",0
"IISQETYKQ1_Phospho_[S3]",0
"AVPYPQRDMPIQA1_Oxidation_[M9]",0
"MPFPKYPVEPFT",0
"MPFPKYPVEPFTESQS",0
"ERYLGYL",0
"QSKVLPVPQ",0
"VAPFPEVFGKEK",0
"KAVPYPQRDMPI",0
"LTDVENLHLPLPL",0
"SKDIGSESTED2_Phospho_[S6;_S8]",0
"IVLNPWDQVKRNA",0
"SLPQNIPPL",0
"SLSQSKVLPVPQK",0
"VPSERYLGYLE",0
"LSQSKVLPVPQ",0
"SISSSEEIVPN2_Phospho_[S]",0
"DVENLHLPLPLLQSWMHQPHQPLPPT1_Oxidation_[M16]",0
"FQSEEQQQ1_Phospho_[S3]",0
"APFPEVFGK",0
"SDIPNPIGSENSEKTT",0
"KAVPYPQRDMPIQAFL",0
"DIPNPIGSENSEK",0
"PQNIPPL",0
"QQQTEDELQD",0
"DVENLHLPLPLLQ",0
"KEDVPSERYL",0
"KAMKPWIQPKTK",0
"RDMPIQAFLLY",0
"EDIKQME",0
"GVSKVKEA",0
"FPKYPVE",0
"DIGSESTE1_Phospho_[S6]",0
"IPPLTQTPVVVPPF",0
"VPGEIVE",0
"SLPQNIPPLTQTPVVVPP",0
"SLVYPFPGPIPNSLPQNIPPLTQTP",0
"TLTDVENLHLPLPL",0
"APKHKEMPFPK",0
"LLQSWMHQPHQPLPPT",0
"QNPKLPL",0
"VATWLKPDPS",0
"EVKITVDDKHYQ",0
"FVAPFPEVFGKEKV",0
"IISQETYK",0
"MPFPKYPV1_Oxidation_[M1]",0
"QPQSQNPKLPL",0
"TDVENLHLPLPL",0
"SITRINKKIEKFQSEEQQQTEDELQD1_Phospho_[S14]",0
"EMPFPKYPVEPFTE",0
"TDAPSFSDIPNPIGSE",0
"VLSLSQSKVLPVPQK",0
"QTEDELQDKIHPF",0
"IVPNSAEER1_Phospho_[S5]",0
"TPVVVPPFLQPEVMG1_Oxidation_[M14]",0
"PFPKYPVEPF",0
"VAPFPEVFGK",0
"VYPFPGPIPNSLPQNIPPLTQTPVVVPPF",0
"LSRYPSYGL",0
"SKDIGSESTEDQAM2_Phospho_[S6;_S8];_1_Oxidation_[M14]",0
"QPHQPLPPTV",0
"QKEPMIGVN",0
"MPFPKYP1_Oxidation_[M1]",0
"EPVLGPV",0
"VKITVDDKHYQ",0
"HPIKHQG",0
"SDIPNPIGSENSEKTTMPL",0
"PKHPIK",0
"IPPKKNQDKTEIPT",0
"LPQNIPPLTQTP",0
"MPFPKYPVEP1_Oxidation_[M1]",0
"VPSERYLGY",0
"IPPLTQTP",0
"TESQSLTLTDVE",0
"FQSEEQQQTEDELQD1_Phospho_[S3]",0
"KYKVPQLE",0
"KEDVPSERYLGYLEQL",0
"NAVPITPTLNREQL",0
"TLTDVEN",0
"ALPQYLK",0
"KEDVPSERY",0
"IAKYIPI",0
"DIPNPIGSE",0
"VVVPPFLQPE",0
"LGYLEQLLR",0
"IQKEDVPSERYL",0
"GLPQEVLNENLLRF",0
"TPVVVPPFLQPEVMG",0
"LSQSKVLPVPQK",0
"SKVLPVPQKAVPYPQRDMPIQA",0
"SVEQKHIQKEDVPSE1_Phospho_[S1]",0
"TLTDVENLHLPLPLLQ",0
"NSLPQNIPPLTQTPVVVPPF",0
"VAPFPEVF",0
"RYPSYGLN",0
"FQSEEQQQTEDELQDKIHPFAQT1_Phospho_[S3]",0
"REQLSTSEE1_Phospho_[S7]",0
"KHIQKEDVPSERYL",0
"KEMPFPKYPVEPFTESQS",0
"IVLNPWDQVKRN",0
"EIVPNSAEERLH1_Phospho_[S6]",0
"VVVPPFLQPEVM",0
"IQPKTKVIPYVR",0
"SAEERLHSMK1_Phospho_[S1]",0
"MPFPKYP",0
"LPYPYYA",0
"SKKTVDMESTEVF1_Phospho_[S9]",0
"LSKDIGSESTE2_Phospho_[S7;_S9]",0
"QGLPQEVL",0
"AMKPWIQPK",0
"ARHPHPH",0
"RHPHPHL",0
"DKIHPFAQ",0
"KPWIQPKTKVIP",0
"RQPQSQNPKLPL",0
"APKHKEMPFPKYP",0
"RDMPIQA",0
"APFPEVFGKEKVNEL",0
"SPAQILQ",0
"VAPFPEVFGKEKV",0
"PQYLKT",0
"DQAMEDIKQM",0
"ELNVPGEIVE",0
"DELQDKIHPFAQTQ",0
"QPHQPLPPT",0
"KDIGSESTEDQAM2_Phospho_[S5;_S7];_1_Oxidation_[M13]",0
"YLGYLEQL",0
"VPYPQRDMPIQ",0
"PVVVPPFLQP",0
"LEQLLRLK",0
"QKAMKPWIQPK1_Oxidation_[M4]",0
"QEPVLGP",0
"KAMKPWIQPKTK1_Oxidation_[M3]",0
"EPMIGVN",0
"LNPWDQVKR",0
"ALNEINQF",0
"TQSLVYPFPGPIPNSLPQN",0
"DVENLHLPLPLLQSW",0
"LGPVRGP",0
"EVLNENL",0
"PKYPVEPF",0
"KFQSEEQQQTEDELQDKIHPF1_Phospho_[S4]",0
"FLQPEVM1_Oxidation_[M7]",0
"LLYQEPVLGPVR",0
"KIEKFQSEEQQQTEDELQDKIHPF1_Phospho_[S7]",0
"ELQDKIHPF",0
"AVPYPQRDMP",0
"KFQSEEQQQTEDELQDKIHPFA1_Phospho_[S4]",0
"LQDKIHP",0
"LQSWMHQPHQPLPPTVMFPPQSVL",0
"ENLHLPLP",0
"YYVPLGTQY",0
"IVPNSAEERLHSMK1_Phospho_[S5]",0
"LHLPLPLL",0
"EQQQTEDELQDKIHPFAQT",0
"KIEKFQSEEQQQTEDELQDKIHPFAQTQ1_Phospho_[S7]",0
"LVYPFPGPIPNSLP",0
"TESQSLTLTDVENLHLPLP",0
"AVATWLKPDPSQK",0
"TKLTEEEKNRL",0
"LGYLEQLLRLK",0
"VVVPPFLQPEVM1_Oxidation_[M12]",0
"LVYPFPGPIPNSLPQNIPP",0
"SVEQKHIQKEDVPS1_Phospho_[S1]",0
"RPKHPIKHQG",0
"EVKITVD",0
"PWIQPKT",0
"SLPQNIPPLTQTPVVVPPFLQPEV",0
"LPQNIPPLTQTPVVVPPFLQPEVM",0
"EEQQQTEDELQDKIHPF",0
"DVPSERYLGY",0
"SWMHQPHQPLPPTVMFPPQ",0
"LPQNIPPLTQTPVVVPPFLQPE",0
"EPVLGPVRGPF",0
"TPVVTGTGPNFSLG",0
"EQQQTEDELQDKIHPFA",0
"VKITVDDKHYQKA",0
"YQKFALPQ",0
"APSFSDIPNPIGSEN",0
"QKEPMIGVNQEL",0
"SDIPNPIGSEN",0
"LVYPFPGPIPNSLPQNIPPLTQTPVVVPPFLQPEVMGVS",0
"GVSKVKEAM",0
"RLLKKKY",0
"QLEIVPN",0
"MAIPPKKNQ",0
"NSKKTVDMESTEVF1_Phospho_[S10]",0
"EIVPNSAEER1_Phospho_[S6]",0
"NSLPQNIPPLTQTPVVVPPFLQPEV",0
"LTDVENLHLPLPLLQS",0
"SKDIGSESTEDQAME2_Phospho_[S6;_S8]",0
"DKIHPFAQT",0
"VAPFPEVFGKEKVNE",0
"LGYLEQLLRLKK",0
"DVENLHLPLPLLQSWMHQPHQPLPPTV",0
"SITRINK",0
"MEDIKQM",0
"LLYQEPVLGPVRGPFP",0
"PFPEVFGKE",0
"YLGYLEQLLR",0
"EDELQDKIHP",0
"IPPLTQTPVVVPPFL",0
"NMAINPSKE",0
"DQAMEDIKQ",0
"LNPWDQVK",0
"YPFPGPIPNS",0
"KAVPYPQR",0
"PPFLQPE",0
"VPYPQRDMPI",0
"AYPSGAW",0
"TDVENLHLPLPLLQ",0
"NLHLPLPLL",0
"SLPQNIPPLTQTPVVVPPFLQPEVM",0
"RINKKIEK",0
"AVPYPQRDMPIQAF1_Oxidation_[M9]",0
"SLTLTDVENLH",0
"YAKPAAVRSPAQ",0
"DKIHPFAQTQSL",0
"ELQDKIHPFAQT",0
"LVYPFPGPIPN",0
"YQGPIVLNPWDQVKRN",0
"PVLGPVRGPF",0
"MKPWIQPK",0
"YKVPQLE",0
"MESTEVFTKK1_Phospho_[S3]",0
"YPVEPFTESQSLT",0
"KIEKFQSEEQQQTEDELQD1_Phospho_[S7]",0
"TKVIPYVR",0
"QTEDELQDKIHPFA",0
"KVPQLEIVPN",0
"KDIGSESTED2_Phospho_[S5;_S7]",0
"YQQKPVAL",0
"IPPLTQTPVVVPP",0
"SLSQSKVLP",0
"KEMPFPKYPVEPF",0
"SLVYPFPGPIPNSLPQNIPP",0
"LNREQLSTSEENSKKT2_Phospho_[S7;_S9]",0
"TPVVVPPFLQPEV",0
"QTPVVVPPFLQPEVM",0
"QGLPQE",0
"KYPVEPFTE",0
"FQSEEQQQTED1_Phospho_[S3]",0
"LHLPLPLLQ",0
"IEKFQSEEQQQTEDELQD1_Phospho_[S6]",0
"DKIHPF",0
"EVKITVDDKHYQK",0
"TPVVVPPFLQ",0
"GVSKVKEAMAPKHKEMPFPKYPVEPF",0
"LGPVRGPF",0
"MPFPKYPVEPFTESQ",0
"NLHLPLPLLQSWMHQPHQPLPPTVMFPPQSVLSLSQS",0
"VENLHLPLP",0
"QTPVVVPPFLQPEVMGVS",0
"WMHQPHQPLPPT",0
"KYKVPQLEIVPN",0
"LPYPYY",0
"MKPWIQPKT",0
"HPIKHQ",0
"IRNLQISNE1_Phospho_[S7]",0
"HQPHQPLPPTVMFPPQSVLS",0
"INKKIEKF",0
"QKFPQY",0
"AINPSKENL",0
"APKHKEMPFPKYPVEP",0
"FSDKIAKYIPI",0
"IVPNSVEQK1_Phospho_[S5]",0
"SLVYPFPGPIPNSLPQ",0
"LPYPYYAKPA",0
"ELQDKIHP",0
"LPQNIPPLTQTPV",0
"NRLNFLKK",0
"SDIPNPIGSE",0
"SEEQQQTEDELQDKIHPF1_Phospho_[S1]",0
"TQTPVVVPPFLQPE",0
"VVVPPFL",0
"DKIHPFA",0
"APKHKEMPFPKYPVEPFTE",0
"IRNLQISNEDL1_Phospho_[S7]",0
"NSLPQNIPPLTQTPVVVPPFLQPEVM",0
"NLHLPLP",0
"NMAINPSKE1_Phospho_[S7]",0
"APFPEVFGKEKV",0
"TQTPVVVPPF",0
"AMAPKHKEMPFPKYPVEPF",0
"RPKHPIKHQGLPQEVL",0
"SLVYPFPGPIPNSLPQN",0
"LPQNIPP",0
"LYQEPVL",0
"VATEEVKIT",0
"IPYVRYL",0
"MHQPHQPLPPTVMFPPQSVLSL",0
"KAVPYPQRDMPIQ",0
"ELNVPGE",0
"SLPQNIPPLTQTPVVVPPFLQP",0
"VPPFLQPE",0
"VMFPPQSVL",0
"HQPHQPLPPTVM",0
"LVYPFPGP",0
"FSDIPNPIGSEN",0
"VPLGTQY",0
"QTPVVVPPFLQPEVMGVS1_Oxidation_[M15]",0
"WLKPDPSQKQT",0
"ENLHLPLPL",0
"ELSKDIGSESTE2_Phospho_[S8;_S]",0
"QQTEDELQDKIHPF",0
"TDVENLHLPLP",0
"RNAVPITPT",0
"EDVPSERY",0
"FPKYPVEP",0
"NSLPQNIPPLTQTPVVVPPFLQPEVM1_Oxidation_[M26]",0
"TPVVVPPFLQPEVM1_Oxidation_[M14]",0
"EQQQTEDELQDKIHP",0
"QGPIVLNPW",0
"TWLKPDPSQ",0
"YQGPIVLNPWDQVK",0
"KALNEINQF",0
"YPFPGPIPNSLPQN",0
"PFPKYPV",0
"KFQSEEQQQTEDELQD1_Phospho_[S4]",0
"DIKQMEAE",0
"APFPEVFGKEK",0
"KAVPYPQRDMPIQAFLLY",0
"SEKTTMPL",0
"TEDELQDKIHP",0
"LLYQEPVLGP",0
"YQEPVLGPVRGPFP",0
"TEEEKNRLNF",0
"EMPFPKYPVEPFTESQS",0
"VLGPVRGPFPIIV",0
"ITVDDKHY",0
"LSKDIGSESTE1_Phospho_[S]",0
"AMKPWIQPKTKVIP",0
"FVAPFPEVFGKEKVNEL",0
"EDVPSERYL",0
"FPEVFGKE",0
"LNEINQF",0
"NLHLPLPL",0
"PVLGPVR",0
"FSDKIAKYIP",0
"IPPLTQTPVVVPPFLQPEVM",0
"QEPVLGPVRGPFPII",0
"IPNPIGSENS",0
"SKVLPVPQK",0
"WIQPKTKVIPY",0
"VEQKHIQ",0
"FVAPFPEVFGKEKVNELSKDIGSESTEDQAMEDIKQ2_Phospho_[S23;_S]",0
"GVSKVKEAMAPKHK",0
"FSDIPNPIG",0
"GPVRGPFPIIV",0
"PFPKYPVEP",0
"SAEERLH",0
"QEPVLGPVRGP",0
"YPFPGP",0
"LTQTPVVVPPFLQPE",0
"LEIVPNSAEERLH1_Phospho_[S7]",0
"HQPHQPLPPTV",0
"DVPSERYLGYL",0
"EDVPSERYLGYL",0
"NIPPLTQTPVVVPPF",0
"FVAPFPEVF",0
"YQEPVLGPV",0
"IPPLTQTPV",0
"YPFPGPIP",0
"KEDVPSERYLGY",0
"QTPVVVPPFLQPEVMG1_Oxidation_[M15]",0
"FPKYPVEPFTES",0
"LEQLLRL",0
"YQEPVLGPVR",0
"APKHKEMPFPKYPVEPFTESQS",0
"YFYPELFRQF",0
"MHQPHQPLPPTVM",0
"YQEPVLGPVRGPFPI",0
"SAEERLHSM1_Phospho_[S1];_1_Oxidation_[M9]",0
"LTLTDVENLHL",0
"DVENLHLPLP",0
"DELQDKIHPFA",0
"HPHPHLSF1_Phospho_[S7]",0
"TEDELQDKIHPF",0
"HIQKEDVPSERY",0
"SKDIGSESTEDQAM1_Phospho_[S/T];_1_Oxidation_[M14]",0
"EILEIRI",0
"FPKYPVEPF",0
"EDLISKEQIVIRSSR1_Phospho_[S5]",0
"AVATWLKPDPS",0
"LNFLKK",0
"KAVPYPQRDMP1_Oxidation_[M10]",0
"KAMKPWIQPK1_Oxidation_[M3]",0
"QKEPMIGVNQ",0
"SLVYPFPGPIPNS",0
"PVVVPPFLQPE",0
"NSEKTTMPL",0
"FSDKIAKY",0
"LNPWDQVKRN",0
"EDELQDKIHPFAQTQ",0
"VLPVPQ",0
"SQSKVLPVPQ",0
"GYLEQLLR",0
"KDIGSESTE",0
"SWMHQPHQPLPPTVM",0
"VPQLEIVPN",0
"FVAPFPEV",0
"YPQRDMP",0
"NENLLRF",0
"VLSLSQS",0
"VLGPVRGPFP",0
"AVATWLKPDPSQ",0
"EMPFPKYPVEPFTES1_Oxidation_[M2]",0
"TDVENLHLPL",0
"DMPIQAF",0
"FQSEEQQQTEDELQDKIHPFAQTQS1_Phospho_[S3]",0
"SLVYPFPGPIPNSLPQNIPPLTQTPVVVPPFLQPEVM",0
"EKFQSEEQQQTEDELQDKIHP1_Phospho_[S5]",0
"LVYPFPGPIPNSLPQNIPPLTQTPVVVPPFLQPEVM",0
"YLEQLLRL",0
"MAINPSKE",0
"PFPKYPVE",0
"RPKHPIKHQGLPQEVLN",0
"TKLTEEEKNRLN",0
"YVPLGTQY",0
"RDMPIQAFL",0
"TEDELQDKIHPFA",0
"KEDVPSER",0
"FVAPFPEVFGKEKVNELSK",0
"QGPIVLNPWDQ",0
"FQSEEQQQTEDELQDKIHP1_Phospho_[S3]",0
"VVPPFLQPEVM",0
"RINKKIEKF",0
"IESPPEIN",0
"SVEQKHIQ1_Phospho_[S1]",0
"LTDVENLHLP",0
"HIQKEDVPSERYL",0
"TPVVVPPFL",0
"KFQSEEQQQTE1_Phospho_[S4]",0
"AVPYPQ",0
"EQQQTEDELQDKIHPF",0
"SKVLPVPQ",0
"EDELQDKIHPFA",0
"VYPFPGPIPNSLPQNIPPLT",0
"EMPFPK",0
"LTDVENLH",0
"NAVPITPTL",0
"STEVFTKKTKL1_Phospho_[T/S]",0
"NPWDQVK",0
"YPSGAW",0
"GPIVLNPWD",0
"EDVPSERYLGY",0
"HLPLPLLQ",0
"LPLPLLQ",0
"YFYPELFRQ",0
"ELKPTPEGDLEIL",0
"RPKHPIKHQ",0
"VYPFPGP",0
"EMPFPKYPVEPF1_Oxidation_[M2]",0
"EAMAPKHKEMPFPKYPVEPFTE",0
"SDIPNPIGSENSEKTTMP",0
"LNENLLR",0
"VLVLDTDYK",0
"LNENLLRF",0
"AVPYPQRDMPIQA",0
"KDIGSESTE2_Phospho_[S5;_S7]",0
"IRNLQISN1_Phospho_[S7]",0
"APFPEVFGKE",0
"EKNRLNFL",0
"QTPVVVPPFLQPEVMG",0
"EPVLGPVRGPFP",0
"RDMPIQAF",0
"VPNSAEERL1_Phospho_[S4]",0
"NIPPLTQTPV",0
"DIGSESTEDQ",0
"TQTPVVVPPFLQPEV",0
"DVPSERYLGYLEQL",0
"ENSEKTTMPL",0
"LSKDIGSESTED1_Phospho_[S7]",0
"SEEQQQTEDELQDKIHPFA",0
