Sequence,Protein,Positions.in.Proteins
AYPSGAW,Alphas1,[158-164]
LTLTDVENLHL,Beta,[125-135]
PGPIPN,Beta,[63-68]
TWLKPDPS,Osteopontin,[42-49]
YQEPVLGP,Beta,[193-200]
YQEPVLGPVR,Beta,[193-202]
RDMPIQA,Beta,[183-189]
FVAPFPEV,Alphas1,[24-31]
EPMIGVN,Alphas1,[133-139]
AVPYPQRDMP1_Oxidation_[M9],Beta,[177-186]_Ox_[M9]
VLGPVRGP,Beta,[197-204]
MKPWIQPKT1_Oxidation_[M1],Alphas2,[190-198]_Ox_[M1]
RINKKIEKF,Beta,[25-33]
SERYLGY,Alphas1,[88-94]
LYQEPVLGPVR,Beta,[192-202]
VMFPPQS,Beta,[155-161]
LPQEVLN,Alphas1,[11-17]
VFGKEKVNEL,Alphas1,[31-40]
VLNENLLR,Alphas1,[15-22]
FSDIPNPIGSE,Alphas1,[179-189]
